quote_id,quote_type,gold_rank,probability_margin,is_persistence_case,is_alternation_case,transition_recoverable
AlicesAdventuresInWonderland_1,Explicit,2,0.3042828775343324,False,False,False
AlicesAdventuresInWonderland_7,Anaphoric,2,0.5066907254895041,False,False,False
AlicesAdventuresInWonderland_15,Anaphoric,2,0.19482432803453698,True,False,True
AlicesAdventuresInWonderland_18,Anaphoric,2,0.3293191743341757,True,False,True
AlicesAdventuresInWonderland_20,Anaphoric,2,0.5941697372087371,False,False,False
AlicesAdventuresInWonderland_28,Anaphoric,2,0.5904797161769725,True,False,True
AlicesAdventuresInWonderland_35,Explicit,999,0.8814921924590778,False,False,False
AlicesAdventuresInWonderland_41,Anaphoric,2,0.2362307879683353,False,False,False
AlicesAdventuresInWonderland_42,Explicit,999,0.8451474535644136,False,False,False
AlicesAdventuresInWonderland_49,Explicit,999,0.4260002791118514,False,False,False
AlicesAdventuresInWonderland_54,Explicit,999,0.9501513020821534,False,False,False
AlicesAdventuresInWonderland_55,Explicit,999,0.9763605265324948,False,False,False
AlicesAdventuresInWonderland_65,Explicit,2,0.032805267489025125,True,False,True
AlicesAdventuresInWonderland_66,Explicit,2,0.01890193728291345,False,False,False
AlicesAdventuresInWonderland_72,Explicit,2,0.029615058737651245,False,True,True
AlicesAdventuresInWonderland_79,Explicit,999,0.9163653737612132,False,False,False
AlicesAdventuresInWonderland_80,Explicit,999,0.930136311932016,False,False,False
AlicesAdventuresInWonderland_81,Explicit,999,0.938629098762168,False,False,False
AlicesAdventuresInWonderland_85,Explicit,999,0.9246407759718296,False,False,False
AlicesAdventuresInWonderland_86,Explicit,999,0.923694124720529,False,False,False
AlicesAdventuresInWonderland_87,Anaphoric,2,0.23114827334460097,False,False,False
AlicesAdventuresInWonderland_88,Anaphoric,8,0.7513356775067963,False,False,False
AlicesAdventuresInWonderland_89,Explicit,8,0.7348454430085963,True,False,True
AlicesAdventuresInWonderland_90,Anaphoric,2,0.2172615632071318,False,False,False
AlicesAdventuresInWonderland_92,Anaphoric,2,0.4378208343041886,True,False,True
AlicesAdventuresInWonderland_93,Anaphoric,2,0.6435857663273891,True,False,True
AlicesAdventuresInWonderland_94,Anaphoric,6,0.6940305962174466,True,False,True
AlicesAdventuresInWonderland_97,Anaphoric,5,0.679800528175343,True,False,True
AlicesAdventuresInWonderland_98,Anaphoric,6,0.866688814420351,False,False,False
AlicesAdventuresInWonderland_99,Anaphoric,4,0.6865182024565034,True,False,True
AlicesAdventuresInWonderland_101,Explicit,4,0.7188012529181655,False,True,True
AlicesAdventuresInWonderland_102,Implicit,999,0.9771060998784812,False,False,False
AlicesAdventuresInWonderland_103,Explicit,2,0.5937719155228247,False,True,True
AlicesAdventuresInWonderland_104,Implicit,2,0.9275187800996669,True,False,True
AlicesAdventuresInWonderland_105,Implicit,2,0.1929616778591804,False,False,False
AlicesAdventuresInWonderland_106,Implicit,3,0.9279745477216705,False,True,True
AlicesAdventuresInWonderland_107,Implicit,2,0.5034681991619158,False,True,True
AlicesAdventuresInWonderland_108,Implicit,2,0.7726948879258515,False,True,True
AlicesAdventuresInWonderland_109,Implicit,2,0.8579536389564132,False,True,True
AlicesAdventuresInWonderland_110,Implicit,2,0.9052852455195812,False,True,True
AlicesAdventuresInWonderland_113,Anaphoric,3,0.0339645043048084,True,False,True
AlicesAdventuresInWonderland_114,Explicit,2,0.7355067013748828,False,False,False
AlicesAdventuresInWonderland_116,Anaphoric,999,0.893101200848785,False,False,False
AlicesAdventuresInWonderland_117,Anaphoric,4,0.8909608627614316,False,False,False
AlicesAdventuresInWonderland_122,Anaphoric,4,0.8172735298314553,True,False,True
AlicesAdventuresInWonderland_128,Explicit,999,0.5899502089616246,False,False,False
AlicesAdventuresInWonderland_158,Explicit,2,0.8820142892809752,True,False,True
AlicesAdventuresInWonderland_163,Anaphoric,2,0.6780927324358342,False,True,True
AlicesAdventuresInWonderland_165,Explicit,999,0.6996674952792982,False,False,False
AlicesAdventuresInWonderland_182,Anaphoric,2,0.43739919667409444,False,True,True
AlicesAdventuresInWonderland_184,Anaphoric,999,0.7145812725626124,False,False,False
AlicesAdventuresInWonderland_185,Explicit,999,0.9385974934920756,False,False,False
AlicesAdventuresInWonderland_186,Explicit,4,0.3854888614702963,True,False,True
AlicesAdventuresInWonderland_188,Explicit,3,0.9237739887938037,False,True,True
AlicesAdventuresInWonderland_189,Anaphoric,2,0.578069793897507,False,True,True
AlicesAdventuresInWonderland_190,Anaphoric,2,0.17964806254014365,True,False,True
AlicesAdventuresInWonderland_191,Explicit,4,0.7889036463097352,False,False,False
AlicesAdventuresInWonderland_192,Explicit,3,0.7262915505660021,True,False,True
AlicesAdventuresInWonderland_194,Explicit,4,0.881729683909526,False,True,True
AlicesAdventuresInWonderland_195,Anaphoric,2,0.6315890994025722,False,True,True
AlicesAdventuresInWonderland_196,Anaphoric,4,0.8482914157928554,False,True,True
AlicesAdventuresInWonderland_198,Explicit,2,0.0,False,True,True
AlicesAdventuresInWonderland_202,Explicit,999,0.114208420507843,False,False,False
AlicesAdventuresInWonderland_222,Anaphoric,2,0.00413765093176538,True,False,True
AlicesAdventuresInWonderland_223,Anaphoric,2,0.6466383123406603,True,False,True
AlicesAdventuresInWonderland_227,Explicit,999,0.5067562839888139,False,False,False
AlicesAdventuresInWonderland_248,Anaphoric,2,0.5747959135385441,False,True,True
AlicesAdventuresInWonderland_253,Anaphoric,2,0.3983112233850086,True,False,True
AlicesAdventuresInWonderland_256,Explicit,999,0.5187201795017846,False,False,False
AlicesAdventuresInWonderland_262,Explicit,999,0.1552947118703079,False,False,False
AlicesAdventuresInWonderland_264,Anaphoric,2,0.35187180878071356,False,True,True
AlicesAdventuresInWonderland_266,Anaphoric,2,0.0637568675661292,True,False,True
AlicesAdventuresInWonderland_273,Explicit,999,0.3559789848256336,False,False,False
AlicesAdventuresInWonderland_298,Explicit,2,0.0023772277927940344,False,False,False
AlicesAdventuresInWonderland_305,Explicit,999,0.1383367845831878,False,False,False
AlicesAdventuresInWonderland_347,Explicit,999,0.0694481738744581,False,False,False
AlicesAdventuresInWonderland_353,Anaphoric,3,0.4029065480871832,True,False,True
AlicesAdventuresInWonderland_354,Anaphoric,999,0.8421146954538152,False,False,False
AlicesAdventuresInWonderland_355,Explicit,999,0.9627189613923685,False,False,False
AlicesAdventuresInWonderland_356,Explicit,999,0.9575872333720457,False,False,False
AlicesAdventuresInWonderland_358,Anaphoric,4,0.9164706822114319,False,False,False
AlicesAdventuresInWonderland_365,Anaphoric,2,0.14356274696640342,False,False,False
AlicesAdventuresInWonderland_366,Explicit,999,0.4270414824757275,False,False,False
AlicesAdventuresInWonderland_369,Anaphoric,3,0.6945108048415238,True,False,True
AlicesAdventuresInWonderland_370,Explicit,2,0.04816548681668298,False,False,False
AlicesAdventuresInWonderland_374,Explicit,999,0.9385190354229086,False,False,False
AlicesAdventuresInWonderland_384,Anaphoric,999,0.6444397302839984,False,False,False
AlicesAdventuresInWonderland_386,Explicit,2,0.29094287136740815,False,True,True
AlicesAdventuresInWonderland_388,Explicit,2,0.03304567074158482,False,True,True
AlicesAdventuresInWonderland_390,Explicit,3,0.26321248929719043,False,True,True
AlicesAdventuresInWonderland_394,Anaphoric,2,0.3385039600002071,True,False,True
AlicesAdventuresInWonderland_395,Explicit,999,0.265439858587875,False,False,False
AlicesAdventuresInWonderland_401,Explicit,999,0.0936910705577575,False,False,False
AlicesAdventuresInWonderland_403,Explicit,4,0.10946452011053061,False,True,True
AlicesAdventuresInWonderland_405,Explicit,4,0.1368284079495793,False,True,True
AlicesAdventuresInWonderland_407,Explicit,3,0.02852843222605539,False,True,True
AlicesAdventuresInWonderland_408,Anaphoric,4,0.6904627923929053,True,False,True
AlicesAdventuresInWonderland_409,Anaphoric,999,0.0435945029345163,False,False,False
AlicesAdventuresInWonderland_410,Explicit,2,0.058596722723824095,False,True,True
AlicesAdventuresInWonderland_414,Explicit,999,0.599338296631437,False,False,False
AlicesAdventuresInWonderland_415,Anaphoric,2,0.4801040931869047,False,False,False
AlicesAdventuresInWonderland_416,Anaphoric,5,0.706484699036385,False,True,True
AlicesAdventuresInWonderland_442,Explicit,999,0.2092945016029313,False,False,False
AlicesAdventuresInWonderland_443,Explicit,3,0.3613442134873138,True,False,True
AlicesAdventuresInWonderland_450,Explicit,999,0.9490741600274792,False,False,False
AlicesAdventuresInWonderland_451,Anaphoric,4,0.8333072529995076,False,False,False
AlicesAdventuresInWonderland_453,Explicit,999,0.6411293601772984,False,False,False
AlicesAdventuresInWonderland_460,Explicit,999,0.3782317711566638,False,False,False
AlicesAdventuresInWonderland_461,Explicit,2,0.14814661784073102,False,False,False
AlicesAdventuresInWonderland_469,Anaphoric,2,0.057925857810164905,False,False,False
AlicesAdventuresInWonderland_528,Explicit,2,0.011640356381382055,False,True,True
AlicesAdventuresInWonderland_578,Anaphoric,2,0.5758799105534332,True,False,True
AlicesAdventuresInWonderland_583,Explicit,999,0.932927354517524,False,False,False
AlicesAdventuresInWonderland_585,Explicit,999,0.938167554079363,False,False,False
AlicesAdventuresInWonderland_586,Explicit,5,0.7943247295045581,True,False,True
AlicesAdventuresInWonderland_587,Explicit,5,0.8294014365598636,False,False,False
AlicesAdventuresInWonderland_588,Explicit,8,0.7901395647251549,False,True,True
AlicesAdventuresInWonderland_589,Explicit,2,0.011035408334182373,False,True,True
AlicesAdventuresInWonderland_590,Anaphoric,999,0.9733544692224184,False,False,False
AlicesAdventuresInWonderland_591,Explicit,8,0.8155628504920467,False,False,False
AlicesAdventuresInWonderland_592,Anaphoric,2,0.46469564690687537,False,True,True
AlicesAdventuresInWonderland_593,Explicit,999,0.9613531587942606,False,False,False
AlicesAdventuresInWonderland_594,Explicit,999,0.9694982075818714,False,False,False
AlicesAdventuresInWonderland_595,Explicit,5,0.8238669249105258,False,False,False
AlicesAdventuresInWonderland_596,Explicit,5,0.8116888397590524,True,False,True
AlicesAdventuresInWonderland_598,Explicit,9,0.9386922967197447,False,True,True
AlicesAdventuresInWonderland_600,Explicit,8,0.9222802771466505,False,True,True
AlicesAdventuresInWonderland_602,Explicit,999,0.2158551328197499,False,False,False
AlicesAdventuresInWonderland_606,Anaphoric,999,0.9106896885495596,False,False,False
AlicesAdventuresInWonderland_607,Explicit,8,0.9045437591119242,False,False,False
AlicesAdventuresInWonderland_609,Explicit,8,0.9558561651822788,False,True,True
AlicesAdventuresInWonderland_611,Explicit,8,0.9496867662731895,False,True,True
AlicesAdventuresInWonderland_613,Explicit,999,0.9842316734274864,False,False,False
AlicesAdventuresInWonderland_616,Explicit,7,0.8959828490364342,False,False,False
AlicesAdventuresInWonderland_617,Explicit,2,0.020188108747048017,False,False,False
AlicesAdventuresInWonderland_620,Explicit,7,0.8974559921435326,False,False,False
AlicesAdventuresInWonderland_622,Explicit,7,0.8020394871131246,False,True,True
AlicesAdventuresInWonderland_623,Explicit,999,0.8806203128037278,False,False,False
AlicesAdventuresInWonderland_624,Explicit,8,0.7091420321467019,False,True,True
AlicesAdventuresInWonderland_626,Explicit,8,0.6846858885526539,False,True,True
AlicesAdventuresInWonderland_629,Explicit,7,0.9192526526796015,False,False,False
AlicesAdventuresInWonderland_630,Explicit,999,0.9472205046503804,False,False,False
AlicesAdventuresInWonderland_631,Explicit,7,0.8961568963488131,False,True,True
AlicesAdventuresInWonderland_632,Explicit,8,0.8858005997863193,True,False,True
AlicesAdventuresInWonderland_633,Explicit,999,0.9517733435485318,False,False,False
AlicesAdventuresInWonderland_634,Explicit,999,0.9516592352284472,False,False,False
AlicesAdventuresInWonderland_635,Explicit,9,0.8155628504920467,False,False,False
AlicesAdventuresInWonderland_637,Anaphoric,999,0.9875378373213324,False,False,False
AlicesAdventuresInWonderland_639,Explicit,7,0.8946649769035118,False,False,False
AlicesAdventuresInWonderland_640,Anaphoric,4,0.8531900152037607,True,False,True
AlicesAdventuresInWonderland_642,Explicit,2,0.030978251661896605,False,False,False
AlicesAdventuresInWonderland_645,Explicit,7,0.8849894244033871,False,False,False
AlicesAdventuresInWonderland_647,Explicit,4,0.8798424647812966,False,True,True
AlicesAdventuresInWonderland_649,Explicit,9,0.8950658675289174,False,True,True
AlicesAdventuresInWonderland_651,Explicit,7,0.8799860364282086,False,True,True
AlicesAdventuresInWonderland_652,Anaphoric,2,0.3086990480744193,False,False,False
AlicesAdventuresInWonderland_653,Explicit,3,0.8358028704887106,False,True,True
AlicesAdventuresInWonderland_654,Explicit,3,0.9365727643929558,True,False,True
AlicesAdventuresInWonderland_656,Explicit,2,0.7634496116792631,False,True,True
AlicesAdventuresInWonderland_658,Explicit,5,0.8799860364282086,False,True,True
AlicesAdventuresInWonderland_659,Explicit,999,0.9559664694160344,False,False,False
AlicesAdventuresInWonderland_661,Explicit,6,0.7901395647251549,False,False,False
AlicesAdventuresInWonderland_663,Anaphoric,5,0.8873691070544234,False,True,True
AlicesAdventuresInWonderland_667,Explicit,7,0.5248182733134501,False,False,False
AlicesAdventuresInWonderland_669,Explicit,4,0.9294007385736628,False,True,True
AlicesAdventuresInWonderland_670,Explicit,999,0.9493402276030302,False,False,False
AlicesAdventuresInWonderland_671,Explicit,6,0.8073016363382269,False,True,True
AlicesAdventuresInWonderland_674,Explicit,7,0.5672424698197236,False,False,False
AlicesAdventuresInWonderland_675,Anaphoric,2,0.14327487288762575,False,False,False
AlicesAdventuresInWonderland_676,Explicit,6,0.8842721166357878,False,True,True
AlicesAdventuresInWonderland_677,Explicit,6,0.837387738109169,True,False,True
AlicesAdventuresInWonderland_679,Explicit,6,0.9114854472125266,False,True,True
AlicesAdventuresInWonderland_680,Anaphoric,2,0.36560021274660737,False,False,False
AlicesAdventuresInWonderland_681,Explicit,6,0.8912610375712082,False,True,True
AlicesAdventuresInWonderland_683,Explicit,6,0.887175481688286,False,True,True
AlicesAdventuresInWonderland_684,Anaphoric,6,0.8698615249206119,True,False,True
AlicesAdventuresInWonderland_686,Explicit,6,0.8520922875562652,False,True,True
AlicesAdventuresInWonderland_687,Explicit,5,0.8756625762922166,True,False,True
AlicesAdventuresInWonderland_694,Explicit,999,0.5582992588323455,False,False,False
AlicesAdventuresInWonderland_696,Explicit,4,0.6094145641356957,False,True,True
DaisyMiller_0,Anaphoric,999,0.2392030863740227,False,False,False
DaisyMiller_1,Anaphoric,999,0.0621143760679975,False,False,False
DaisyMiller_17,Anaphoric,999,0.1603132719117024,False,False,False
DaisyMiller_21,Anaphoric,3,0.08523353601009681,False,False,False
DaisyMiller_23,Anaphoric,2,0.0764746343225498,False,True,True
DaisyMiller_25,Implicit,3,0.23760562360196438,False,True,True
DaisyMiller_27,Anaphoric,3,0.1597531647052352,False,True,True
DaisyMiller_42,Anaphoric,2,0.22011408804422078,False,False,False
DaisyMiller_45,Anaphoric,2,0.1913742280142762,False,False,False
DaisyMiller_53,Implicit,2,0.1651233466841674,False,False,False
DaisyMiller_86,Implicit,2,0.10977027890091912,False,True,True
DaisyMiller_88,Implicit,999,0.1121890108557906,False,False,False
DaisyMiller_93,Anaphoric,2,0.1693224932932485,False,False,False
DaisyMiller_97,Explicit,999,0.212861179672586,False,False,False
DaisyMiller_99,Explicit,2,0.28987166484822413,False,True,True
DaisyMiller_101,Implicit,3,0.6170468353196035,False,True,True
DaisyMiller_103,Implicit,2,0.5742907752886766,False,True,True
DaisyMiller_105,Anaphoric,3,0.802995136800468,False,True,True
DaisyMiller_137,Anaphoric,999,0.9542683474077628,False,False,False
DaisyMiller_139,Anaphoric,2,0.19861454520010913,False,True,True
DaisyMiller_141,Explicit,2,0.19709761243166923,False,True,True
DaisyMiller_166,Anaphoric,999,0.0525897690213731,False,False,False
DaisyMiller_192,Explicit,3,0.33180107098575823,True,False,True
DaisyMiller_208,Implicit,2,0.27655346130286074,False,False,False
DaisyMiller_225,Anaphoric,999,0.1098112420173968,False,False,False
DaisyMiller_263,Anaphoric,999,0.0895261632396633,False,False,False
DaisyMiller_265,Implicit,2,0.3384131855674122,False,True,True
DaisyMiller_267,Anaphoric,2,0.06028564740082265,False,True,True
DaisyMiller_269,Implicit,2,0.33155198474914294,False,True,True
DaisyMiller_271,Implicit,2,0.045246386830311014,False,True,True
DaisyMiller_273,Implicit,2,0.7757551319361018,False,True,True
DaisyMiller_276,Explicit,999,0.4247022407051315,False,False,False
DaisyMiller_277,Explicit,999,0.8499077035203491,False,False,False
DaisyMiller_279,Anaphoric,999,0.8755430215570928,False,False,False
DaisyMiller_287,Anaphoric,999,0.1705760136139671,False,False,False
DaisyMiller_290,Anaphoric,4,0.8514362926977052,False,False,False
DaisyMiller_291,Anaphoric,2,0.10587291542851718,False,False,False
DaisyMiller_293,Anaphoric,3,0.26768785903508774,False,True,True
DaisyMiller_294,Anaphoric,2,0.34307858260877755,True,False,True
DaisyMiller_299,Anaphoric,3,0.1328748710358501,False,False,False
DaisyMiller_300,Anaphoric,4,0.3741700776477305,True,False,True
DaisyMiller_301,Anaphoric,4,0.2048994993709081,True,False,True
DaisyMiller_303,Anaphoric,4,0.94228722629338,False,True,True
DaisyMiller_305,Explicit,2,0.1907069329822615,False,True,True
DaisyMiller_306,Anaphoric,3,0.1801940815175789,True,False,True
DaisyMiller_307,Anaphoric,999,0.1098017431697868,False,False,False
DaisyMiller_312,Explicit,999,0.1217234387331306,False,False,False
DaisyMiller_322,Anaphoric,999,0.2604806103799997,False,False,False
DaisyMiller_326,Anaphoric,4,0.17164651779172818,False,False,False
DaisyMiller_341,Explicit,2,0.019690494943597536,True,False,True
DaisyMiller_343,Implicit,999,0.9897726270956732,False,False,False
DaisyMiller_348,Anaphoric,2,0.1809851370410378,True,False,True
DaisyMiller_365,Anaphoric,999,0.2307908649660202,False,False,False
DaisyMiller_367,Implicit,2,0.4984055410166493,False,True,True
DaisyMiller_389,Anaphoric,999,0.1783551141816068,False,False,False
DaisyMiller_391,Anaphoric,2,0.19359310017684772,False,False,False
DaisyMiller_392,Anaphoric,2,0.20207554312510323,False,False,False
DaisyMiller_393,Anaphoric,2,0.13217135748035236,False,True,True
DaisyMiller_414,Explicit,999,0.2962729219166052,False,False,False
DaisyMiller_415,Explicit,4,0.1337061351156144,False,True,True
DaisyMiller_422,Implicit,4,0.4673730681503674,False,False,False
DaisyMiller_425,Anaphoric,3,0.756266620445468,False,True,True
DaisyMiller_426,Explicit,2,0.13563205482117557,False,False,False
DaisyMiller_428,Implicit,2,0.6423875141464237,False,True,True
DaisyMiller_448,Anaphoric,999,0.1883427743918364,False,False,False
DaisyMiller_454,Anaphoric,999,0.9445970624181512,False,False,False
DaisyMiller_455,Anaphoric,999,0.501884339916904,False,False,False
DaisyMiller_456,Anaphoric,3,0.5793062417995951,False,False,False
DaisyMiller_457,Implicit,3,0.6229717104806649,False,True,True
DaisyMiller_458,Anaphoric,3,0.6349098465257687,False,True,True
DaisyMiller_459,Implicit,3,0.7857474205418841,False,True,True
DaisyMiller_474,Explicit,999,0.3674842436066871,False,False,False
DaisyMiller_476,Implicit,2,0.29801391766022,False,True,True
DaisyMiller_478,Explicit,999,0.8016203886237071,False,False,False
DaisyMiller_480,Explicit,2,0.11754712959677427,False,True,True
DaisyMiller_482,Anaphoric,2,0.19646118624747355,False,True,True
DaisyMiller_483,Explicit,999,0.456856938974017,False,False,False
DaisyMiller_485,Implicit,3,0.3537244755978949,False,True,True
DaisyMiller_513,Implicit,2,0.1313834804493555,True,False,True
DaisyMiller_514,Explicit,3,0.1889273839391872,False,False,False
DaisyMiller_523,Anaphoric,2,0.07784424493388059,False,False,False
DaisyMiller_534,Explicit,999,0.2298603601150596,False,False,False
DaisyMiller_535,Anaphoric,2,0.05233318823653721,False,False,False
DaisyMiller_546,Explicit,999,0.8340251559363938,False,False,False
DaisyMiller_548,Explicit,2,0.12635327483980308,False,True,True
PrideAndPrejudice_0,Anaphoric,999,0.1733350314621727,False,False,False
PrideAndPrejudice_3,Implicit,999,0.2155679495358027,False,False,False
PrideAndPrejudice_28,Anaphoric,2,0.11921690619134595,True,False,True
PrideAndPrejudice_29,Anaphoric,2,0.09195360886664761,False,False,False
PrideAndPrejudice_31,Implicit,2,0.2127931866964865,False,True,True
PrideAndPrejudice_35,Explicit,999,0.1987444742633544,False,False,False
PrideAndPrejudice_38,Implicit,2,0.49082935275086736,False,False,False
PrideAndPrejudice_40,Implicit,2,0.4793981215217203,False,True,True
PrideAndPrejudice_42,Anaphoric,2,0.49314256962689385,False,True,True
PrideAndPrejudice_43,Anaphoric,2,0.6471071398574414,True,False,True
PrideAndPrejudice_44,Anaphoric,2,0.25061760948494205,False,False,False
PrideAndPrejudice_45,Implicit,3,0.08535849138245277,False,True,True
PrideAndPrejudice_48,Anaphoric,2,0.03783413725199536,False,True,True
PrideAndPrejudice_49,Explicit,999,0.8266404710944787,False,False,False
PrideAndPrejudice_51,Anaphoric,999,0.6323823053104025,False,False,False
PrideAndPrejudice_52,Implicit,999,0.8918590342526497,False,False,False
PrideAndPrejudice_54,Explicit,2,0.16076815851208037,False,True,True
PrideAndPrejudice_56,Anaphoric,2,0.44523704846575785,False,True,True
PrideAndPrejudice_57,Implicit,2,0.18005932201137553,False,False,False
PrideAndPrejudice_59,Anaphoric,2,0.39016639264376574,False,False,False
PrideAndPrejudice_62,Anaphoric,999,0.9287743866842068,False,False,False
PrideAndPrejudice_63,Explicit,999,0.7879801959084514,False,False,False
PrideAndPrejudice_64,Implicit,4,0.6388125176191193,False,True,True
PrideAndPrejudice_65,Implicit,3,0.5973470530792913,False,True,True
PrideAndPrejudice_66,Implicit,3,0.6756311567483468,False,True,True
PrideAndPrejudice_67,Implicit,2,0.5313517334994295,False,True,True
PrideAndPrejudice_68,Implicit,4,0.9559225181508072,False,True,True
PrideAndPrejudice_69,Implicit,2,0.692144380720409,False,True,True
PrideAndPrejudice_70,Implicit,7,0.8965183926108086,False,True,True
PrideAndPrejudice_72,Implicit,999,0.9937624908324394,False,False,False
PrideAndPrejudice_74,Implicit,5,0.9233119182493402,False,True,True
PrideAndPrejudice_76,Explicit,3,0.47859407782383356,False,True,True
PrideAndPrejudice_83,Explicit,4,0.3729452046170028,False,False,False
PrideAndPrejudice_85,Implicit,999,0.4807585242115234,False,False,False
PrideAndPrejudice_86,Explicit,3,0.4617476572178819,False,False,False
PrideAndPrejudice_88,Explicit,999,0.519188885710438,False,False,False
PrideAndPrejudice_89,Explicit,999,0.9659943537130916,False,False,False
PrideAndPrejudice_90,Explicit,2,0.02989219683106481,False,False,False
PrideAndPrejudice_91,Explicit,3,0.4435159325242286,False,False,False
PrideAndPrejudice_93,Implicit,2,0.7553963580951606,False,True,True
PrideAndPrejudice_95,Implicit,2,0.9287496612547239,False,True,True
PrideAndPrejudice_97,Implicit,2,0.934154165617713,False,True,True
PrideAndPrejudice_99,Explicit,2,0.6275518320180158,False,True,True
PrideAndPrejudice_102,Implicit,2,0.2750022308907827,False,False,False
PrideAndPrejudice_104,Anaphoric,2,0.07511423306292142,True,False,True
PrideAndPrejudice_105,Implicit,999,0.8950332607749585,False,False,False
PrideAndPrejudice_109,Explicit,999,0.6454472929953283,False,False,False
PrideAndPrejudice_110,Implicit,3,0.547629019581451,False,False,False
PrideAndPrejudice_111,Anaphoric,2,0.07785469853711002,False,True,True
PrideAndPrejudice_112,Implicit,3,0.15124012473892545,False,True,True
PrideAndPrejudice_113,Implicit,3,0.128438758017009,False,True,True
PrideAndPrejudice_114,Implicit,3,0.28272650546150224,False,True,True
PrideAndPrejudice_115,Implicit,3,0.13655401431171,False,True,True
PrideAndPrejudice_116,Implicit,3,0.5717787396551489,False,True,True
PrideAndPrejudice_117,Implicit,3,0.11717392829932494,False,True,True
PrideAndPrejudice_118,Implicit,3,0.32515653712653914,True,False,True
PrideAndPrejudice_119,Anaphoric,4,0.3710869278402775,True,False,True
PrideAndPrejudice_121,Implicit,3,0.4494672956414553,False,True,True
PrideAndPrejudice_123,Implicit,3,0.1179766277787386,False,True,True
PrideAndPrejudice_124,Explicit,999,0.9205700700060008,False,False,False
PrideAndPrejudice_125,Implicit,2,0.10290104990383575,False,False,False
PrideAndPrejudice_126,Implicit,2,0.3936852817297388,False,True,True
PrideAndPrejudice_127,Implicit,2,0.20377545648531847,False,True,True
PrideAndPrejudice_132,Explicit,999,0.3775861225064381,False,False,False
PrideAndPrejudice_133,Explicit,999,0.8867840621158776,False,False,False
PrideAndPrejudice_134,Implicit,3,0.6040179579705591,False,True,True
PrideAndPrejudice_135,Implicit,3,0.20857143740085493,False,True,True
PrideAndPrejudice_136,Implicit,3,0.6150293893001152,False,True,True
PrideAndPrejudice_137,Implicit,3,0.5400957833459568,False,True,True
PrideAndPrejudice_138,Explicit,999,0.8867498842542728,False,False,False
PrideAndPrejudice_139,Anaphoric,3,0.3216160953377498,False,True,True
PrideAndPrejudice_140,Explicit,999,0.9559488501725792,False,False,False
PrideAndPrejudice_142,Explicit,2,0.31331163432921527,False,False,False
PrideAndPrejudice_144,Implicit,2,0.5608921400583953,False,True,True
PrideAndPrejudice_145,Explicit,999,0.3038488672056122,False,False,False
PrideAndPrejudice_146,Implicit,2,0.9044024417710188,False,True,True
PrideAndPrejudice_149,Implicit,2,0.5208688932989736,False,False,False
PrideAndPrejudice_151,Explicit,3,0.08584849760261981,False,False,False
PrideAndPrejudice_152,Explicit,2,0.13104314591185873,False,False,False
PrideAndPrejudice_153,Implicit,3,0.7391506886602766,False,True,True
PrideAndPrejudice_154,Anaphoric,2,0.7729712184823582,True,False,True
PrideAndPrejudice_156,Anaphoric,2,0.8788754099211799,False,False,False
PrideAndPrejudice_158,Explicit,999,0.9619133276041908,False,False,False
PrideAndPrejudice_159,Explicit,2,0.27250533344831807,False,False,False
PrideAndPrejudice_160,Explicit,999,0.5545496569039332,False,False,False
PrideAndPrejudice_161,Implicit,999,0.909119218246625,False,False,False
PrideAndPrejudice_162,Implicit,2,0.06433796754199927,False,True,True
PrideAndPrejudice_163,Explicit,999,0.9046870082580156,False,False,False
PrideAndPrejudice_165,Implicit,999,0.9937533059339156,False,False,False
PrideAndPrejudice_167,Explicit,6,0.9425977706557088,False,False,False
PrideAndPrejudice_169,Anaphoric,2,0.6663386295529273,False,False,False
PrideAndPrejudice_170,Explicit,3,0.230288621428409,False,False,False
PrideAndPrejudice_171,Implicit,2,0.012233625436467221,False,False,False
PrideAndPrejudice_172,Implicit,2,0.3397614979921255,False,True,True
PrideAndPrejudice_174,Explicit,5,0.9350405633780112,False,False,False
PrideAndPrejudice_175,Explicit,3,0.33901191613311943,False,False,False
PrideAndPrejudice_176,Anaphoric,999,0.2232095049770421,False,False,False
PrideAndPrejudice_178,Explicit,999,0.0132082194843579,False,False,False
PrideAndPrejudice_179,Explicit,4,0.7244600480597142,False,False,False
PrideAndPrejudice_180,Implicit,4,0.38885562959638814,True,False,True
PrideAndPrejudice_182,Anaphoric,2,0.27593513784336615,False,False,False
PrideAndPrejudice_184,Implicit,2,0.6594446163869897,False,True,True
PrideAndPrejudice_186,Implicit,2,0.6125626098415827,False,False,False
PrideAndPrejudice_188,Implicit,2,0.822689673979729,False,True,True
PrideAndPrejudice_190,Implicit,3,0.8689162705135811,False,True,True
PrideAndPrejudice_192,Implicit,3,0.8562093098701609,False,False,False
PrideAndPrejudice_197,Explicit,2,0.4053443735767332,False,False,False
PrideAndPrejudice_199,Explicit,999,0.1550909755428291,False,False,False
PrideAndPrejudice_200,Implicit,3,0.8119688166236051,False,False,False
PrideAndPrejudice_201,Anaphoric,2,0.09964100485028449,False,False,False
PrideAndPrejudice_202,Explicit,2,0.3270745401563563,False,True,True
PrideAndPrejudice_203,Implicit,2,0.7633504594417427,False,False,False
PrideAndPrejudice_204,Implicit,3,0.8639013247757469,False,True,True
PrideAndPrejudice_205,Implicit,2,0.7623416703846247,False,True,True
PrideAndPrejudice_207,Explicit,4,0.29490408164933773,False,False,False
PrideAndPrejudice_208,Anaphoric,3,0.16047025137869653,False,False,False
PrideAndPrejudice_220,Implicit,2,0.540989631629808,False,False,False
PrideAndPrejudice_221,Explicit,3,0.8971218202241295,False,False,False
PrideAndPrejudice_222,Implicit,2,0.5396664591081728,False,True,True
PrideAndPrejudice_223,Explicit,2,0.10988527238476153,False,False,False
PrideAndPrejudice_230,Implicit,3,0.4293624489468043,False,False,False
PrideAndPrejudice_235,Explicit,3,0.35195789352092377,False,False,False
PrideAndPrejudice_238,Anaphoric,999,0.3838184904026287,False,False,False
PrideAndPrejudice_239,Implicit,999,0.2713605006333691,False,False,False
PrideAndPrejudice_254,Anaphoric,999,0.7078357888863448,False,False,False
PrideAndPrejudice_255,Implicit,2,0.30026145930062786,False,False,False
PrideAndPrejudice_257,Implicit,2,0.12336288300283171,False,False,False
PrideAndPrejudice_258,Explicit,999,0.1670520220377502,False,False,False
PrideAndPrejudice_260,Implicit,2,0.6502392396586338,False,False,False
PrideAndPrejudice_268,Implicit,2,0.4528183887885825,False,False,False
PrideAndPrejudice_269,Implicit,2,0.5129685065182169,False,False,False
PrideAndPrejudice_270,Implicit,2,0.180182264233533,False,True,True
PrideAndPrejudice_271,Implicit,2,0.40832849867240056,False,True,True
PrideAndPrejudice_272,Implicit,2,0.4746433866239409,False,True,True
PrideAndPrejudice_280,Anaphoric,999,0.4682023952067436,False,False,False
PrideAndPrejudice_282,Implicit,2,0.5640629120035991,False,True,True
PrideAndPrejudice_285,Explicit,999,0.1701054532170488,False,False,False
PrideAndPrejudice_288,Anaphoric,999,0.6768379106439547,False,False,False
PrideAndPrejudice_291,Anaphoric,999,0.4107190158878926,False,False,False
PrideAndPrejudice_293,Implicit,3,0.8678702517489505,False,True,True
PrideAndPrejudice_295,Anaphoric,2,0.26082836902149475,False,False,False
PrideAndPrejudice_301,Anaphoric,2,0.49573678065333976,False,False,False
PrideAndPrejudice_303,Implicit,2,0.6450357741795162,False,True,True
PrideAndPrejudice_305,Implicit,2,0.5661717558349562,False,True,True
PrideAndPrejudice_315,Implicit,999,0.9896827448013582,False,False,False
PrideAndPrejudice_317,Implicit,2,0.45900930124689354,False,True,True
PrideAndPrejudice_320,Anaphoric,3,0.21644555018760475,False,False,False
PrideAndPrejudice_322,Implicit,4,0.9420784005979325,False,True,True
PrideAndPrejudice_324,Implicit,5,0.9699548143239914,False,True,True
PrideAndPrejudice_326,Anaphoric,3,0.8017246202990902,False,False,False
PrideAndPrejudice_327,Implicit,3,0.7399585674597757,False,False,False
PrideAndPrejudice_328,Explicit,999,0.9813173729763296,False,False,False
PrideAndPrejudice_330,Implicit,999,0.0523939838897336,False,False,False
PrideAndPrejudice_332,Implicit,2,0.9279519776965648,False,True,True
PrideAndPrejudice_334,Implicit,2,0.9244642981239735,False,True,True
PrideAndPrejudice_336,Implicit,4,0.9522897276616333,False,True,True
PrideAndPrejudice_338,Implicit,4,0.9698462886306771,False,True,True
PrideAndPrejudice_340,Implicit,4,0.9710176569487337,False,True,True
PrideAndPrejudice_342,Implicit,3,0.9669027658258119,False,True,True
PrideAndPrejudice_343,Anaphoric,999,0.7725773089321825,False,False,False
PrideAndPrejudice_344,Explicit,2,0.19364243380600943,False,True,True
PrideAndPrejudice_345,Anaphoric,4,0.538282731491296,False,False,False
PrideAndPrejudice_346,Anaphoric,4,0.5207024314635642,False,True,True
PrideAndPrejudice_347,Explicit,999,0.4912716276082438,False,False,False
PrideAndPrejudice_348,Explicit,999,0.6067066557865208,False,False,False
PrideAndPrejudice_349,Implicit,4,0.86741007428274,True,False,True
PrideAndPrejudice_351,Explicit,3,0.9119772000925925,False,True,True
PrideAndPrejudice_353,Explicit,3,0.9061728631487749,False,True,True
PrideAndPrejudice_355,Anaphoric,4,0.835986671138146,False,True,True
PrideAndPrejudice_357,Implicit,3,0.052788562616428,False,True,True
PrideAndPrejudice_358,Anaphoric,3,0.8316880707690142,True,False,True
PrideAndPrejudice_360,Implicit,2,0.9249007737140298,False,True,True
PrideAndPrejudice_382,Anaphoric,999,0.8857547326849528,False,False,False
PrideAndPrejudice_389,Anaphoric,4,0.3622436041393956,False,False,False
PrideAndPrejudice_390,Implicit,4,0.9828663077593331,False,False,False
PrideAndPrejudice_391,Implicit,4,0.9110923754032153,False,True,True
PrideAndPrejudice_392,Implicit,2,0.5409255701334343,False,True,True
PrideAndPrejudice_393,Implicit,4,0.8726881771796715,False,True,True
PrideAndPrejudice_394,Implicit,2,0.6524471329185042,False,True,True
PrideAndPrejudice_395,Anaphoric,999,0.7247478615735677,False,False,False
PrideAndPrejudice_396,Anaphoric,5,0.8031726332656358,False,False,False
PrideAndPrejudice_397,Explicit,999,0.515076121896855,False,False,False
PrideAndPrejudice_398,Explicit,999,0.6356905558982472,False,False,False
PrideAndPrejudice_399,Implicit,2,0.14209978278694657,False,False,False
PrideAndPrejudice_400,Anaphoric,3,0.5810563208144861,True,False,True
PrideAndPrejudice_401,Implicit,7,0.9003493419832288,True,False,True
PrideAndPrejudice_402,Implicit,999,0.9344819775204194,False,False,False
PrideAndPrejudice_403,Implicit,3,0.7251139115916041,False,True,True
PrideAndPrejudice_404,Implicit,6,0.2878674005134466,False,True,True
PrideAndPrejudice_406,Anaphoric,6,0.9360254846107215,False,True,True
PrideAndPrejudice_408,Anaphoric,2,0.6799860440367482,True,False,True
PrideAndPrejudice_409,Explicit,7,0.8616470075841267,False,False,False
PrideAndPrejudice_411,Implicit,999,0.928940653232376,False,False,False
PrideAndPrejudice_412,Anaphoric,4,0.8588187720250796,False,False,False
PrideAndPrejudice_432,Explicit,999,0.8797252040442082,False,False,False
PrideAndPrejudice_436,Anaphoric,2,0.026005131482312982,True,False,True
PrideAndPrejudice_437,Explicit,999,0.5965097992834031,False,False,False
PrideAndPrejudice_438,Implicit,2,0.6576258879075982,False,True,True
PrideAndPrejudice_439,Implicit,4,0.8413622369900431,False,True,True
PrideAndPrejudice_440,Implicit,2,0.663017558130574,False,True,True
PrideAndPrejudice_441,Implicit,4,0.9000127790863761,False,True,True
PrideAndPrejudice_442,Explicit,2,0.02798759174349119,False,True,True
PrideAndPrejudice_443,Anaphoric,999,0.9217840729502104,False,False,False
PrideAndPrejudice_444,Implicit,2,0.01205093156612802,False,True,True
PrideAndPrejudice_445,Implicit,3,0.7639699350723683,False,True,True
PrideAndPrejudice_446,Explicit,6,0.8722559881573394,True,False,True
PrideAndPrejudice_447,Anaphoric,4,0.8282476779024681,True,False,True
PrideAndPrejudice_448,Implicit,6,0.7089102186065446,False,False,False
PrideAndPrejudice_449,Implicit,2,0.01650348547681313,False,False,False
PrideAndPrejudice_450,Anaphoric,8,0.8187988864789691,False,False,False
PrideAndPrejudice_451,Explicit,6,0.9055635966069462,False,False,False
PrideAndPrejudice_452,Explicit,999,0.6864702230661489,False,False,False
PrideAndPrejudice_453,Anaphoric,3,0.1399376893200945,False,True,True
PrideAndPrejudice_454,Explicit,3,0.8498445239332256,False,False,False
PrideAndPrejudice_456,Anaphoric,2,0.9022292740486716,False,True,True
PrideAndPrejudice_457,Explicit,3,0.8504854049019628,False,False,False
PrideAndPrejudice_458,Anaphoric,11,0.8967928786019753,True,False,True
PrideAndPrejudice_459,Anaphoric,2,0.11545936916413502,False,False,False
PrideAndPrejudice_460,Explicit,3,0.7367177454585512,False,True,True
PrideAndPrejudice_462,Explicit,2,0.8707687482758039,False,True,True
PrideAndPrejudice_464,Explicit,3,0.8567710491440308,False,True,True
PrideAndPrejudice_466,Implicit,2,0.9372885354193021,False,True,True
PrideAndPrejudice_469,Anaphoric,3,0.4198750641752494,False,False,False
PrideAndPrejudice_471,Explicit,3,0.2769916374994257,False,True,True
PrideAndPrejudice_472,Anaphoric,3,0.2901857225484802,True,False,True
PrideAndPrejudice_473,Anaphoric,999,0.9588819717203392,False,False,False
PrideAndPrejudice_474,Implicit,2,0.31690491099968987,False,True,True
PrideAndPrejudice_475,Implicit,3,0.9453037706464544,False,True,True
PrideAndPrejudice_476,Implicit,2,0.8855908828049338,False,True,True
PrideAndPrejudice_477,Implicit,2,0.9401227363391126,False,True,True
PrideAndPrejudice_478,Anaphoric,3,0.48858797683396005,True,False,True
PrideAndPrejudice_479,Implicit,3,0.9324633416548045,True,False,True
PrideAndPrejudice_481,Implicit,2,0.9510277746650179,False,True,True
PrideAndPrejudice_482,Implicit,3,0.8356311256360163,False,False,False
PrideAndPrejudice_483,Implicit,2,0.9150075340065995,False,True,True
PrideAndPrejudice_484,Implicit,3,0.3964929889047035,False,True,True
PrideAndPrejudice_485,Anaphoric,2,0.9065182376251512,False,True,True
PrideAndPrejudice_486,Explicit,999,0.3704405238735025,False,False,False
PrideAndPrejudice_487,Anaphoric,2,0.6870131893164987,False,False,False
PrideAndPrejudice_488,Explicit,3,0.3190098571553557,True,False,True
PrideAndPrejudice_489,Anaphoric,3,0.37544177583268057,True,False,True
PrideAndPrejudice_490,Explicit,2,0.8034860647550663,True,False,True
PrideAndPrejudice_491,Anaphoric,2,0.6126858226749909,False,False,False
PrideAndPrejudice_492,Anaphoric,2,0.3527884323460777,True,False,True
PrideAndPrejudice_493,Anaphoric,999,0.5872335223667963,False,False,False
PrideAndPrejudice_494,Explicit,999,0.5488043458316259,False,False,False
PrideAndPrejudice_495,Anaphoric,2,0.19487968885916218,False,False,False
PrideAndPrejudice_496,Implicit,5,0.6920504735091346,False,True,True
PrideAndPrejudice_498,Implicit,2,0.7375731262922391,False,False,False
PrideAndPrejudice_501,Implicit,4,0.5877233818792342,False,False,False
PrideAndPrejudice_503,Implicit,2,0.7869860261218617,False,True,True
PrideAndPrejudice_504,Implicit,3,0.7611559690671739,True,False,True
PrideAndPrejudice_506,Implicit,2,0.7799677755569566,False,True,True
PrideAndPrejudice_513,Anaphoric,999,0.6164578402341697,False,False,False
PrideAndPrejudice_514,Explicit,999,0.90337557063874,False,False,False
PrideAndPrejudice_515,Explicit,3,0.5312963626566471,False,True,True
PrideAndPrejudice_516,Implicit,5,0.8194632020534814,False,True,True
PrideAndPrejudice_517,Implicit,3,0.697306721114821,False,True,True
PrideAndPrejudice_518,Anaphoric,2,0.057734162711744696,False,False,False
PrideAndPrejudice_519,Anaphoric,999,0.8897832840640847,False,False,False
PrideAndPrejudice_520,Explicit,4,0.813373872634314,True,False,True
PrideAndPrejudice_522,Explicit,999,0.5321680496815083,False,False,False
PrideAndPrejudice_523,Anaphoric,999,0.5951702824841761,False,False,False
PrideAndPrejudice_524,Implicit,7,0.9758866109269912,False,False,False
PrideAndPrejudice_525,Anaphoric,5,0.8939183280831018,False,True,True
PrideAndPrejudice_526,Implicit,6,0.9503691217972616,False,True,True
PrideAndPrejudice_527,Implicit,5,0.9447086382298845,False,True,True
PrideAndPrejudice_528,Implicit,5,0.2959264145591451,False,True,True
PrideAndPrejudice_529,Implicit,5,0.813374538663861,False,True,True
PrideAndPrejudice_530,Explicit,5,0.6666806603237927,False,True,True
PrideAndPrejudice_531,Anaphoric,3,0.3000277318106891,False,False,False
PrideAndPrejudice_549,Anaphoric,999,0.882205169196119,False,False,False
PrideAndPrejudice_551,Explicit,2,0.9038322985151546,False,True,True
PrideAndPrejudice_552,Anaphoric,10,0.5014695915719232,False,False,False
PrideAndPrejudice_553,Anaphoric,999,0.6460468187891856,False,False,False
PrideAndPrejudice_555,Implicit,4,0.9617125469590374,False,True,True
PrideAndPrejudice_557,Implicit,6,0.9394531544864309,False,True,True
PrideAndPrejudice_558,Explicit,3,0.3582669815719599,True,False,True
PrideAndPrejudice_559,Implicit,2,0.5609564750276224,False,False,False
PrideAndPrejudice_560,Implicit,2,0.8996341900562298,False,True,True
PrideAndPrejudice_561,Implicit,2,0.6763758184402602,False,True,True
PrideAndPrejudice_562,Anaphoric,6,0.47261255081670406,False,True,True
PrideAndPrejudice_563,Implicit,2,0.010642344181278851,False,True,True
PrideAndPrejudice_564,Implicit,2,0.29251371308993707,False,True,True
PrideAndPrejudice_570,Anaphoric,999,0.8204983334945701,False,False,False
PrideAndPrejudice_571,Explicit,999,0.8928443251299756,False,False,False
PrideAndPrejudice_573,Implicit,2,0.9301864715000944,False,True,True
PrideAndPrejudice_575,Implicit,2,0.932724111475577,False,True,True
PrideAndPrejudice_576,Explicit,3,0.8460181516552552,True,False,True
PrideAndPrejudice_590,Explicit,2,0.14560784941269328,True,False,True
PrideAndPrejudice_591,Anaphoric,2,0.0732229072585448,False,False,False
PrideAndPrejudice_592,Explicit,3,0.3203595296357134,False,False,False
PrideAndPrejudice_593,Explicit,999,0.8445893689418901,False,False,False
PrideAndPrejudice_594,Implicit,3,0.7154314702620613,False,True,True
PrideAndPrejudice_595,Explicit,999,0.7533158904281418,False,False,False
PrideAndPrejudice_597,Explicit,2,0.005915830582216786,False,True,True
PrideAndPrejudice_599,Implicit,3,0.9519280859785045,False,True,True
PrideAndPrejudice_601,Anaphoric,3,0.6758355164872716,False,False,False
PrideAndPrejudice_602,Explicit,999,0.6633549422664554,False,False,False
PrideAndPrejudice_603,Anaphoric,3,0.8244162387795272,False,True,True
PrideAndPrejudice_604,Explicit,999,0.4478216332952481,False,False,False
PrideAndPrejudice_605,Implicit,2,0.010914156377197393,False,False,False
PrideAndPrejudice_606,Implicit,3,0.3332939912038485,False,True,True
PrideAndPrejudice_608,Implicit,3,0.030710060690532975,False,True,True
PrideAndPrejudice_610,Implicit,3,0.9060895594016554,False,True,True
PrideAndPrejudice_612,Implicit,3,0.9355292447743093,False,True,True
PrideAndPrejudice_614,Implicit,3,0.9060895594016554,False,True,True
PrideAndPrejudice_616,Implicit,3,0.9411184136283649,False,True,True
PrideAndPrejudice_617,Implicit,2,0.3193857971191369,True,False,True
PrideAndPrejudice_618,Implicit,2,0.6442941463516773,False,False,False
PrideAndPrejudice_619,Implicit,2,0.8882143587229445,False,True,True
PrideAndPrejudice_629,Explicit,999,0.4652706410571113,False,False,False
PrideAndPrejudice_632,Anaphoric,2,0.44414264139976556,False,False,False
PrideAndPrejudice_635,Anaphoric,999,0.3579923522305435,False,False,False
PrideAndPrejudice_638,Anaphoric,3,0.9301416396547567,False,False,False
PrideAndPrejudice_640,Anaphoric,3,0.9326316713696877,False,True,True
PrideAndPrejudice_642,Implicit,2,0.812433611199341,False,False,False
PrideAndPrejudice_643,Implicit,5,0.8885698061604028,False,False,False
PrideAndPrejudice_644,Implicit,2,0.7610559438596198,False,True,True
PrideAndPrejudice_645,Explicit,4,0.4399435392048291,False,True,True
PrideAndPrejudice_646,Explicit,2,0.3029178133537981,False,True,True
PrideAndPrejudice_648,Explicit,3,0.9263132229273656,False,False,False
PrideAndPrejudice_650,Explicit,4,0.9295005832771441,False,True,True
PrideAndPrejudice_652,Anaphoric,2,0.16402540846321467,False,False,False
PrideAndPrejudice_653,Implicit,4,0.7812243854733172,False,False,False
PrideAndPrejudice_654,Anaphoric,2,0.10443960156898957,False,True,True
PrideAndPrejudice_655,Implicit,4,0.8406236179009146,False,True,True
PrideAndPrejudice_656,Implicit,2,0.040751899216000864,False,True,True
PrideAndPrejudice_657,Explicit,4,0.6636252704138017,False,True,True
PrideAndPrejudice_658,Anaphoric,4,0.32578007599239645,True,False,True
PrideAndPrejudice_659,Implicit,3,0.6623478603730073,False,False,False
PrideAndPrejudice_660,Implicit,4,0.9696926207441966,False,True,True
PrideAndPrejudice_661,Implicit,3,0.8084802738033069,False,True,True
PrideAndPrejudice_662,Implicit,4,0.9705638910203452,False,True,True
PrideAndPrejudice_663,Implicit,2,0.7581750726923469,False,True,True
PrideAndPrejudice_664,Implicit,3,0.3266604930952976,False,True,True
PrideAndPrejudice_666,Implicit,2,0.9666474208271116,False,True,True
PrideAndPrejudice_668,Explicit,2,0.17260991860066038,False,True,True
PrideAndPrejudice_669,Anaphoric,2,0.06763009077049861,True,False,True
PrideAndPrejudice_670,Explicit,3,0.4075073376975363,False,False,False
PrideAndPrejudice_672,Anaphoric,999,0.2158089888339079,False,False,False
PrideAndPrejudice_674,Anaphoric,2,0.016479505522691618,True,False,True
PrideAndPrejudice_675,Implicit,3,0.7614078566452334,False,False,False
PrideAndPrejudice_676,Implicit,2,0.05575852453984842,False,True,True
PrideAndPrejudice_678,Implicit,2,0.8101721055925843,False,True,True
PrideAndPrejudice_680,Implicit,2,0.7483669475080854,False,True,True
PrideAndPrejudice_704,Anaphoric,2,0.2481886855712454,False,False,False
PrideAndPrejudice_705,Anaphoric,999,0.4772797766690428,False,False,False
PrideAndPrejudice_706,Anaphoric,2,0.0909827454747193,False,True,True
PrideAndPrejudice_707,Anaphoric,2,0.09825963753637512,False,True,True
PrideAndPrejudice_708,Anaphoric,2,0.06383008073193364,False,True,True
PrideAndPrejudice_709,Anaphoric,2,0.19960519282703482,True,False,True
PrideAndPrejudice_710,Anaphoric,2,0.07731040348773055,True,False,True
PrideAndPrejudice_711,Anaphoric,2,0.12407713340730575,False,False,False
PrideAndPrejudice_712,Anaphoric,2,0.20586909206926995,False,True,True
PrideAndPrejudice_713,Explicit,2,0.1939768577248866,False,True,True
PrideAndPrejudice_714,Implicit,2,0.15926409869307379,False,True,True
PrideAndPrejudice_723,Anaphoric,2,0.27379271828581075,False,False,False
PrideAndPrejudice_724,Anaphoric,2,0.3901935181236715,True,False,True
PrideAndPrejudice_725,Explicit,999,0.4538149837945838,False,False,False
PrideAndPrejudice_735,Anaphoric,3,0.537694313077309,False,False,False
PrideAndPrejudice_736,Explicit,3,0.852116592889615,True,False,True
PrideAndPrejudice_737,Implicit,4,0.9492890270375962,True,False,True
PrideAndPrejudice_739,Explicit,3,0.1101918742779342,False,False,False
PrideAndPrejudice_740,Anaphoric,3,0.24728498585259817,False,False,False
PrideAndPrejudice_741,Implicit,4,0.9064172306166747,False,True,True
PrideAndPrejudice_752,Explicit,999,0.543978798896418,False,False,False
PrideAndPrejudice_755,Explicit,999,0.9860973510507768,False,False,False
PrideAndPrejudice_756,Anaphoric,2,0.028232091820699523,False,True,True
PrideAndPrejudice_757,Explicit,999,0.9548540964675364,False,False,False
PrideAndPrejudice_758,Anaphoric,4,0.47218831675147,False,False,False
PrideAndPrejudice_760,Implicit,2,0.9222769624114688,False,True,True
PrideAndPrejudice_762,Implicit,2,0.9297258984333076,False,True,True
PrideAndPrejudice_765,Anaphoric,2,0.10923181620166167,False,False,False
PrideAndPrejudice_767,Implicit,2,0.9218850972355548,False,True,True
PrideAndPrejudice_769,Implicit,2,0.8903481232923397,False,True,True
PrideAndPrejudice_771,Implicit,2,0.8881064922944424,False,True,True
PrideAndPrejudice_779,Explicit,999,0.4141565487855603,False,False,False
PrideAndPrejudice_781,Implicit,2,0.788803898972008,False,True,True
PrideAndPrejudice_782,Anaphoric,3,0.6338757373511312,True,False,True
PrideAndPrejudice_784,Implicit,2,0.9595087733388868,False,True,True
PrideAndPrejudice_786,Implicit,2,0.961232224889165,False,True,True
PrideAndPrejudice_787,Anaphoric,5,0.3401031770482225,True,False,True
PrideAndPrejudice_788,Explicit,999,0.9481014525384464,False,False,False
PrideAndPrejudice_789,Explicit,2,0.0705823975166795,False,True,True
PrideAndPrejudice_790,Implicit,2,0.535211743067989,False,True,True
PrideAndPrejudice_791,Explicit,999,0.8958860558301706,False,False,False
PrideAndPrejudice_793,Anaphoric,4,0.1919789131374166,False,False,False
PrideAndPrejudice_795,Explicit,2,0.8309044423838065,False,True,True
PrideAndPrejudice_797,Explicit,6,0.770011467530288,False,True,True
PrideAndPrejudice_798,Anaphoric,999,0.2416496003370219,False,False,False
PrideAndPrejudice_800,Implicit,3,0.9614756148671175,False,True,True
PrideAndPrejudice_802,Implicit,3,0.9621128336270635,False,True,True
PrideAndPrejudice_804,Explicit,3,0.9159083079561028,False,True,True
PrideAndPrejudice_807,Anaphoric,5,0.4499851503651034,False,False,False
PrideAndPrejudice_810,Anaphoric,999,0.4901268440261939,False,False,False
PrideAndPrejudice_813,Explicit,999,0.1839520387210133,False,False,False
PrideAndPrejudice_814,Anaphoric,2,0.2609463038708592,True,False,True
PrideAndPrejudice_815,Explicit,2,0.13731612141829902,True,False,True
PrideAndPrejudice_822,Explicit,999,0.2964215295824207,False,False,False
PrideAndPrejudice_827,Implicit,2,0.6183659894146247,False,False,False
PrideAndPrejudice_828,Implicit,2,0.6142866406692159,False,False,False
PrideAndPrejudice_831,Anaphoric,3,0.23748491262587218,False,False,False
PrideAndPrejudice_834,Explicit,999,0.1671164350496985,False,False,False
PrideAndPrejudice_838,Anaphoric,3,0.8625530523482366,False,False,False
PrideAndPrejudice_840,Implicit,3,0.9441777429751094,False,True,True
PrideAndPrejudice_844,Anaphoric,2,0.00041905909687256493,True,False,True
PrideAndPrejudice_845,Anaphoric,3,0.13230793583556522,True,False,True
PrideAndPrejudice_846,Anaphoric,2,0.5460705062161968,True,False,True
PrideAndPrejudice_847,Anaphoric,999,0.9526789606034376,False,False,False
PrideAndPrejudice_848,Anaphoric,999,0.7679429122963064,False,False,False
PrideAndPrejudice_850,Implicit,3,0.9796675865084611,False,True,True
PrideAndPrejudice_851,Anaphoric,2,0.0880123898493716,False,True,True
PrideAndPrejudice_852,Anaphoric,5,0.886951339342122,False,True,True
PrideAndPrejudice_854,Anaphoric,3,0.444349975592628,False,False,False
PrideAndPrejudice_855,Explicit,999,0.3820479577650926,False,False,False
PrideAndPrejudice_856,Anaphoric,3,0.6294913906016321,True,False,True
PrideAndPrejudice_857,Anaphoric,2,0.34489185624262897,True,False,True
PrideAndPrejudice_858,Anaphoric,2,0.3838974783756835,True,False,True
PrideAndPrejudice_874,Explicit,5,0.7816059584250161,False,False,False
PrideAndPrejudice_876,Anaphoric,2,0.475826984288721,False,True,True
PrideAndPrejudice_877,Anaphoric,3,0.8982626682404732,True,False,True
PrideAndPrejudice_878,Anaphoric,999,0.6947931845200441,False,False,False
PrideAndPrejudice_880,Explicit,2,0.05208676516783106,False,False,False
PrideAndPrejudice_882,Explicit,2,0.29148600374409406,False,False,False
PrideAndPrejudice_884,Implicit,2,0.930074001669958,False,True,True
PrideAndPrejudice_886,Implicit,3,0.966330698336946,False,True,True
PrideAndPrejudice_896,Explicit,999,0.5309133718992757,False,False,False
PrideAndPrejudice_898,Implicit,2,0.7036300167146705,False,True,True
PrideAndPrejudice_900,Implicit,2,0.8285970414613484,False,True,True
PrideAndPrejudice_902,Implicit,2,0.8553463385912948,False,True,True
PrideAndPrejudice_904,Anaphoric,4,0.16295336710901231,False,False,False
PrideAndPrejudice_905,Anaphoric,3,0.4777681600644396,False,False,False
PrideAndPrejudice_906,Explicit,6,0.14276041139913082,False,True,True
PrideAndPrejudice_907,Anaphoric,3,0.6625693037296831,False,False,False
PrideAndPrejudice_908,Anaphoric,2,0.4971755688069382,True,False,True
PrideAndPrejudice_932,Anaphoric,999,0.8072291997292077,False,False,False
PrideAndPrejudice_933,Anaphoric,999,0.5937025856128827,False,False,False
PrideAndPrejudice_935,Implicit,2,0.6539549318369123,False,True,True
PrideAndPrejudice_937,Implicit,2,0.7942616354247765,False,True,True
PrideAndPrejudice_938,Explicit,999,0.4301680221851661,False,False,False
PrideAndPrejudice_939,Anaphoric,2,0.8801061736458653,False,True,True
PrideAndPrejudice_940,Anaphoric,3,0.8502179958132776,True,False,True
PrideAndPrejudice_941,Anaphoric,3,0.3128582971498691,True,False,True
PrideAndPrejudice_943,Implicit,4,0.8638920016764791,False,True,True
PrideAndPrejudice_944,Anaphoric,3,0.220035257094406,True,False,True
PrideAndPrejudice_945,Anaphoric,999,0.814282737027719,False,False,False
PrideAndPrejudice_946,Implicit,2,0.4735168248916471,False,False,False
PrideAndPrejudice_948,Anaphoric,999,0.8487460366516327,False,False,False
PrideAndPrejudice_949,Anaphoric,4,0.45769835361975575,False,False,False
PrideAndPrejudice_950,Implicit,4,0.7645086930690724,False,False,False
PrideAndPrejudice_951,Implicit,3,0.5572710971726088,False,True,True
PrideAndPrejudice_952,Anaphoric,5,0.7420722573623433,False,True,True
PrideAndPrejudice_953,Anaphoric,6,0.8495873190447325,True,False,True
PrideAndPrejudice_958,Implicit,5,0.3453313837802839,False,False,False
PrideAndPrejudice_961,Anaphoric,3,0.3921272235922927,False,False,False
PrideAndPrejudice_963,Implicit,3,0.27000542616238893,False,True,True
PrideAndPrejudice_965,Implicit,3,0.8728487153106241,False,True,True
PrideAndPrejudice_967,Implicit,2,0.3727812171259203,False,True,True
PrideAndPrejudice_969,Anaphoric,5,0.3977801703023021,False,True,True
PrideAndPrejudice_976,Implicit,3,0.1259222517238143,False,False,False
PrideAndPrejudice_978,Implicit,2,0.7970208383587375,False,True,True
PrideAndPrejudice_979,Anaphoric,10,0.3292955046002362,False,False,False
PrideAndPrejudice_981,Anaphoric,5,0.5538522641022248,False,True,True
PrideAndPrejudice_982,Anaphoric,11,0.3806446811391328,True,False,True
PrideAndPrejudice_983,Anaphoric,3,0.7823635166893822,True,False,True
PrideAndPrejudice_984,Anaphoric,3,0.8643424378164682,False,False,False
PrideAndPrejudice_985,Anaphoric,3,0.5227130218034801,False,True,True
PrideAndPrejudice_986,Anaphoric,999,0.7303891901852483,False,False,False
PrideAndPrejudice_987,Anaphoric,6,0.9389521077347215,True,False,True
PrideAndPrejudice_988,Anaphoric,5,0.8840539395885743,True,False,True
PrideAndPrejudice_989,Anaphoric,5,0.8150796580841423,True,False,True
PrideAndPrejudice_990,Implicit,3,0.8044134354043886,False,False,False
PrideAndPrejudice_991,Implicit,4,0.9711419656396652,False,True,True
PrideAndPrejudice_992,Anaphoric,3,0.9299136105061816,False,True,True
PrideAndPrejudice_993,Implicit,5,0.9521754428092305,False,True,True
PrideAndPrejudice_994,Explicit,999,0.2216852982679412,False,False,False
PrideAndPrejudice_995,Anaphoric,4,0.6591186002604547,False,True,True
PrideAndPrejudice_997,Implicit,4,0.3529742252026572,False,True,True
PrideAndPrejudice_998,Implicit,8,0.926146985632138,True,False,True
PrideAndPrejudice_1000,Implicit,4,0.5540853687232022,False,True,True
PrideAndPrejudice_1001,Explicit,999,0.1258800348670434,False,False,False
PrideAndPrejudice_1004,Anaphoric,3,0.40965111096038337,False,True,True
PrideAndPrejudice_1005,Anaphoric,999,0.7666672329002902,False,False,False
PrideAndPrejudice_1006,Anaphoric,2,0.09778996913502902,False,True,True
PrideAndPrejudice_1007,Implicit,5,0.8983108170881708,False,True,True
PrideAndPrejudice_1009,Implicit,4,0.9653552346665467,False,True,True
PrideAndPrejudice_1010,Implicit,4,0.9403515707937241,True,False,True
PrideAndPrejudice_1012,Implicit,3,0.9595104535743068,False,True,True
PrideAndPrejudice_1014,Anaphoric,3,0.9191638747049948,False,True,True
PrideAndPrejudice_1015,Anaphoric,4,0.8758410066854372,True,False,True
PrideAndPrejudice_1017,Implicit,3,0.9643511514008569,False,True,True
PrideAndPrejudice_1033,Anaphoric,2,0.10746487579827402,False,False,False
PrideAndPrejudice_1034,Implicit,999,0.3861819245482705,False,False,False
PrideAndPrejudice_1035,Implicit,2,0.6813722847631677,False,True,True
PrideAndPrejudice_1036,Implicit,2,0.5525774920223372,False,True,True
PrideAndPrejudice_1037,Explicit,5,0.8023234266429188,False,False,False
PrideAndPrejudice_1038,Anaphoric,2,0.4042586167704241,False,False,False
PrideAndPrejudice_1040,Implicit,2,0.8652778512840005,False,True,True
PrideAndPrejudice_1041,Implicit,2,0.32418463152115595,True,False,True
PrideAndPrejudice_1042,Implicit,2,0.5405421608738837,True,False,True
PrideAndPrejudice_1043,Anaphoric,999,0.9295434407401986,False,False,False
PrideAndPrejudice_1044,Anaphoric,6,0.901142478629841,False,False,False
PrideAndPrejudice_1045,Anaphoric,4,0.8370532862310172,False,False,False
PrideAndPrejudice_1046,Explicit,4,0.5487048633045728,False,False,False
PrideAndPrejudice_1047,Implicit,5,0.40586312821732706,False,False,False
PrideAndPrejudice_1048,Anaphoric,9,0.9266527534507303,True,False,True
PrideAndPrejudice_1049,Implicit,9,0.8902149887986368,False,False,False
PrideAndPrejudice_1052,Explicit,999,0.7453420742426021,False,False,False
PrideAndPrejudice_1053,Implicit,2,0.7367559426413897,False,False,False
PrideAndPrejudice_1055,Implicit,2,0.8847660246942132,False,True,True
PrideAndPrejudice_1056,Anaphoric,3,0.5949270861386983,False,False,False
PrideAndPrejudice_1062,Anaphoric,4,0.7579914988545078,False,False,False
PrideAndPrejudice_1064,Anaphoric,4,0.7300140356302883,False,True,True
PrideAndPrejudice_1065,Implicit,5,0.9240546671297765,True,False,True
PrideAndPrejudice_1066,Anaphoric,2,0.805421107628685,False,False,False
PrideAndPrejudice_1068,Implicit,2,0.44210404929025393,False,True,True
PrideAndPrejudice_1070,Anaphoric,2,0.3193554708472951,True,False,True
PrideAndPrejudice_1071,Implicit,2,0.45300964042438707,True,False,True
PrideAndPrejudice_1072,Anaphoric,2,0.09919287125546816,True,False,True
PrideAndPrejudice_1073,Implicit,999,0.8888456133729696,False,False,False
PrideAndPrejudice_1075,Implicit,3,0.9558584181255108,False,True,True
PrideAndPrejudice_1077,Explicit,4,0.7930359824851947,False,False,False
PrideAndPrejudice_1078,Implicit,3,0.8388864351520173,True,False,True
PrideAndPrejudice_1080,Implicit,2,0.8741435629166739,False,True,True
PrideAndPrejudice_1082,Implicit,2,0.8915009452167271,False,True,True
PrideAndPrejudice_1089,Anaphoric,999,0.686079585955125,False,False,False
PrideAndPrejudice_1096,Anaphoric,4,0.7790932774964291,False,False,False
PrideAndPrejudice_1097,Anaphoric,999,0.8895651440288151,False,False,False
PrideAndPrejudice_1098,Implicit,3,0.8123697983477599,False,True,True
PrideAndPrejudice_1099,Anaphoric,999,0.1516511940552653,False,False,False
PrideAndPrejudice_1100,Anaphoric,3,0.2797578836418858,True,False,True
PrideAndPrejudice_1101,Implicit,2,0.14773784428098224,False,False,False
PrideAndPrejudice_1102,Anaphoric,4,0.7605434973796635,False,False,False
PrideAndPrejudice_1111,Anaphoric,999,0.511894606405078,False,False,False
PrideAndPrejudice_1112,Implicit,4,0.8723018025979229,True,False,True
PrideAndPrejudice_1114,Explicit,2,0.6415693209755785,False,True,True
PrideAndPrejudice_1116,Implicit,2,0.712638401322814,False,True,True
PrideAndPrejudice_1118,Implicit,2,0.8199805287125475,False,True,True
PrideAndPrejudice_1119,Explicit,3,0.3646824586636851,True,False,True
PrideAndPrejudice_1121,Anaphoric,3,0.7019978545228469,False,False,False
PrideAndPrejudice_1122,Explicit,3,0.1649305761426344,False,False,False
PrideAndPrejudice_1123,Implicit,3,0.6851514509397341,False,True,True
PrideAndPrejudice_1124,Anaphoric,3,0.41624445115304837,False,True,True
PrideAndPrejudice_1126,Implicit,2,0.04421880550501361,False,True,True
PrideAndPrejudice_1128,Implicit,2,0.9538234127344477,False,True,True
PrideAndPrejudice_1130,Implicit,2,0.9495834841867894,False,True,True
PrideAndPrejudice_1132,Implicit,2,0.9538234127344477,False,True,True
PrideAndPrejudice_1134,Implicit,2,0.9606244468126254,False,True,True
PrideAndPrejudice_1145,Implicit,2,0.9309601496598857,True,False,True
PrideAndPrejudice_1146,Implicit,2,0.5556652290404436,False,False,False
PrideAndPrejudice_1147,Implicit,2,0.5460438242241343,False,True,True
PrideAndPrejudice_1148,Implicit,4,0.8977338577314263,False,True,True
PrideAndPrejudice_1149,Implicit,2,0.6201947307819659,False,True,True
PrideAndPrejudice_1168,Implicit,999,0.9098759576378004,False,False,False
PrideAndPrejudice_1169,Anaphoric,2,0.5490714398999407,False,True,True
PrideAndPrejudice_1170,Anaphoric,999,0.8477988509502772,False,False,False
PrideAndPrejudice_1171,Anaphoric,4,0.8978615563503721,True,False,True
PrideAndPrejudice_1172,Anaphoric,5,0.8918775344929082,True,False,True
PrideAndPrejudice_1174,Implicit,3,0.9621731201553478,False,True,True
PrideAndPrejudice_1175,Implicit,4,0.8203310593056569,True,False,True
PrideAndPrejudice_1176,Implicit,4,0.8331249702720451,True,False,True
PrideAndPrejudice_1177,Implicit,5,0.9238480663689593,True,False,True
PrideAndPrejudice_1178,Implicit,3,0.8297323187931216,True,False,True
PrideAndPrejudice_1180,Implicit,4,0.782165220032207,False,True,True
PrideAndPrejudice_1181,Implicit,6,0.7648538223548215,True,False,True
PrideAndPrejudice_1183,Implicit,3,0.8542745721787541,False,True,True
PrideAndPrejudice_1185,Explicit,999,0.0648257981787326,False,False,False
PrideAndPrejudice_1187,Anaphoric,2,0.1535425777692883,False,True,True
PrideAndPrejudice_1188,Anaphoric,2,0.43798110393490697,True,False,True
PrideAndPrejudice_1189,Anaphoric,3,0.7696785688168597,True,False,True
PrideAndPrejudice_1190,Anaphoric,2,0.19903339815157994,False,False,False
PrideAndPrejudice_1191,Implicit,3,0.83396385492564,False,True,True
PrideAndPrejudice_1193,Implicit,2,0.9652882952877759,False,True,True
PrideAndPrejudice_1194,Implicit,3,0.9273653573258512,True,False,True
PrideAndPrejudice_1195,Implicit,2,0.011243982831139254,False,False,False
PrideAndPrejudice_1196,Implicit,3,0.7853274910208368,False,True,True
PrideAndPrejudice_1197,Implicit,2,0.011243982831139254,False,True,True
PrideAndPrejudice_1198,Anaphoric,2,0.3106614632453363,False,True,True
PrideAndPrejudice_1219,Explicit,999,0.781299524956153,False,False,False
PrideAndPrejudice_1233,Explicit,4,0.5766913339288173,False,False,False
PrideAndPrejudice_1234,Anaphoric,999,0.7265473213680264,False,False,False
PrideAndPrejudice_1235,Explicit,2,0.4176657767359746,False,True,True
PrideAndPrejudice_1236,Explicit,2,0.4334879298469245,False,True,True
PrideAndPrejudice_1238,Anaphoric,999,0.3588466846617976,False,False,False
PrideAndPrejudice_1239,Anaphoric,999,0.9347946927719136,False,False,False
PrideAndPrejudice_1240,Implicit,5,0.8975199523557224,True,False,True
PrideAndPrejudice_1242,Implicit,4,0.9640292160364916,False,True,True
PrideAndPrejudice_1244,Anaphoric,5,0.9337673983103995,False,True,True
PrideAndPrejudice_1245,Anaphoric,5,0.7646871218186174,True,False,True
PrideAndPrejudice_1246,Implicit,7,0.9402099719337357,True,False,True
PrideAndPrejudice_1247,Anaphoric,5,0.7364154881621922,True,False,True
PrideAndPrejudice_1250,Anaphoric,2,0.38040035651052895,False,False,False
PrideAndPrejudice_1251,Anaphoric,2,0.07675493072771189,False,False,False
PrideAndPrejudice_1252,Implicit,2,0.1686798316835113,False,False,False
PrideAndPrejudice_1253,Implicit,2,0.03268037091952314,False,True,True
PrideAndPrejudice_1254,Implicit,2,0.07567205001995836,False,True,True
PrideAndPrejudice_1255,Implicit,2,0.47140394827788284,False,True,True
PrideAndPrejudice_1256,Implicit,2,0.2129766782929441,False,True,True
PrideAndPrejudice_1257,Implicit,2,0.06102334797478448,False,True,True
PrideAndPrejudice_1258,Implicit,3,0.4502347459357671,False,True,True
PrideAndPrejudice_1260,Implicit,2,0.6976661016490877,False,True,True
PrideAndPrejudice_1262,Implicit,2,0.7075138099446836,False,True,True
PrideAndPrejudice_1264,Implicit,2,0.8544978194999236,False,True,True
